<?xml version="1.0" encoding="UTF-8" standalone="yes"?>
<addon id="plugin.video.r2d2"
       name="[COLOR yellow]R[/COLOR][COLOR cyan]2[/COLOR][COLOR lime]D[/COLOR][COLOR orange]2[/COLOR]" 
       version="0.0.5"
       provider-name="SuperTopo">
  <requires>
    <import addon="xbmc.python" version="2.1.0"/>
    <import addon="script.module.beautifulsoup" version="3.2.1"/>
    <import addon="script.module.simple.downloader" version="0.9.4"/>
    <import addon="script.module.beautifulsoup4" />
    <import addon="script.module.requests" />
    <import addon="script.module.httplib2" />
    <import addon="script.module.liveresolver" version="0.1.24" optional="true"/>
    <import addon="script.module.youtube.dl" />
    <import addon="plugin.video.youtube"  />
    <import addon="script.module.urlresolver" />
    <import addon="script.module.simplejson" />    
     <import addon="script.module.livestreamer" optional="true"/>
     <import addon="script.module.pyamf" optional="true"/>
  </requires>
  <extension point="xbmc.python.pluginsource" library="default.py">
    <provides>video</provides>
  </extension> 
  
  <extension point="xbmc.addon.repository" name="Mi repositorio">
        <info>https://raw.githubusercontent.com/Leia18/leiawizardrepo/master/Repositorio/addons.xml</info>
        <checksum>https://raw.githubusercontent.com/Leia18/leiawizardrepo/master/Repositorio/addons.xml.md5</checksum>
        <datadir zip="true">https://raw.githubusercontent.com/Leia18/leiawizardrepo/master/Repositorio/</datadir>
    </extension>

  <extension point="xbmc.addon.metadata">
    <summary>Creado por SuperTopo</summary>
    <description>Imagen del Wizard R2D2</description>
    <platform>all</platform>
  </extension>
</addon>
